{
  "startTimestamp" : 1687525966.319510000,
  "endTimestamp" : 1687525966.319474000
}