{
  "startTimestamp" : 1680208130.215717000,
  "endTimestamp" : 1680208130.215696000
}