{
  "startTimestamp" : 1685613854.468134000,
  "endTimestamp" : 1685613854.468093000
}