{
  "startTimestamp" : 1689417976.171308000,
  "endTimestamp" : 1689417976.171279000
}