{
  "startTimestamp" : 1678835106.326956000,
  "endTimestamp" : 1678835106.326918000
}