{
  "startTimestamp" : 1682003702.823252000,
  "endTimestamp" : 1682003702.823226000
}