{
  "startTimestamp" : 1683902148.167530000,
  "endTimestamp" : 1683902148.167512000
}