{
  "startTimestamp" : 1687522392.908481000,
  "endTimestamp" : 1687522392.908454000
}