{
  "startTimestamp" : 1678838899.018456000,
  "endTimestamp" : 1678838899.018419000
}