{
  "startTimestamp" : 1683893404.143802000,
  "endTimestamp" : 1683893404.143782000
}